id,client_id,scheduled_date,recurring_schedule_id,service_type,category
27,,2026-03-27,,office_cleaning,oneoff_zero_fee
28,,2026-03-21,,standard_clean,oneoff_zero_fee
44,67,2026-03-30,1,office_cleaning,recurring_phantom
45,67,2026-04-06,1,office_cleaning,recurring_phantom
46,67,2026-04-13,1,office_cleaning,recurring_phantom
47,67,2026-04-20,1,office_cleaning,recurring_phantom
48,67,2026-04-27,1,office_cleaning,recurring_phantom
49,67,2026-05-04,1,office_cleaning,recurring_phantom
50,67,2026-05-11,1,office_cleaning,recurring_phantom
51,67,2026-05-18,1,office_cleaning,recurring_phantom
52,220,2026-03-30,2,office_cleaning,recurring_phantom
53,220,2026-04-13,2,office_cleaning,recurring_phantom
54,220,2026-04-27,2,office_cleaning,recurring_phantom
55,220,2026-05-11,2,office_cleaning,recurring_phantom
56,73,2026-03-30,3,standard_clean,recurring_phantom
57,73,2026-04-13,3,standard_clean,recurring_phantom
58,73,2026-04-27,3,standard_clean,recurring_phantom
59,73,2026-05-11,3,standard_clean,recurring_phantom
60,30,2026-03-30,4,standard_clean,recurring_phantom
61,30,2026-04-13,4,standard_clean,recurring_phantom
62,30,2026-04-27,4,standard_clean,recurring_phantom
63,30,2026-05-11,4,standard_clean,recurring_phantom
64,82,2026-04-23,5,standard_clean,recurring_phantom
65,176,2026-03-30,6,standard_clean,recurring_phantom
66,176,2026-04-13,6,standard_clean,recurring_phantom
67,176,2026-04-27,6,standard_clean,recurring_phantom
68,176,2026-05-11,6,standard_clean,recurring_phantom
69,106,2026-04-23,7,standard_clean,recurring_phantom
70,222,2026-04-23,8,standard_clean,recurring_phantom
71,94,2026-04-23,9,standard_clean,recurring_phantom
72,93,2026-03-30,10,standard_clean,recurring_phantom
73,93,2026-04-13,10,standard_clean,recurring_phantom
74,93,2026-04-27,10,standard_clean,recurring_phantom
75,93,2026-05-11,10,standard_clean,recurring_phantom
76,65,2026-03-30,11,standard_clean,recurring_phantom
77,65,2026-04-13,11,standard_clean,recurring_phantom
78,65,2026-04-27,11,standard_clean,recurring_phantom
79,65,2026-05-11,11,standard_clean,recurring_phantom
80,27,2026-03-30,12,office_cleaning,recurring_phantom
81,27,2026-04-06,12,office_cleaning,recurring_phantom
82,27,2026-04-13,12,office_cleaning,recurring_phantom
83,27,2026-04-20,12,office_cleaning,recurring_phantom
84,27,2026-04-27,12,office_cleaning,recurring_phantom
85,27,2026-05-04,12,office_cleaning,recurring_phantom
86,27,2026-05-11,12,office_cleaning,recurring_phantom
87,27,2026-05-18,12,office_cleaning,recurring_phantom
88,134,2026-04-23,13,standard_clean,recurring_phantom
97,26,2026-03-30,15,office_cleaning,recurring_phantom
98,26,2026-04-06,15,office_cleaning,recurring_phantom
99,26,2026-04-13,15,office_cleaning,recurring_phantom
100,26,2026-04-20,15,office_cleaning,recurring_phantom
101,26,2026-04-27,15,office_cleaning,recurring_phantom
102,26,2026-05-04,15,office_cleaning,recurring_phantom
103,26,2026-05-11,15,office_cleaning,recurring_phantom
104,26,2026-05-18,15,office_cleaning,recurring_phantom
105,151,2026-03-30,16,standard_clean,recurring_phantom
106,151,2026-04-13,16,standard_clean,recurring_phantom
107,151,2026-04-27,16,standard_clean,recurring_phantom
108,151,2026-05-11,16,standard_clean,recurring_phantom
109,85,2026-03-30,17,standard_clean,recurring_phantom
110,85,2026-04-13,17,standard_clean,recurring_phantom
111,85,2026-04-27,17,standard_clean,recurring_phantom
112,85,2026-05-11,17,standard_clean,recurring_phantom
113,81,2026-03-30,18,standard_clean,recurring_phantom
114,81,2026-04-13,18,standard_clean,recurring_phantom
115,81,2026-04-27,18,standard_clean,recurring_phantom
116,81,2026-05-11,18,standard_clean,recurring_phantom
117,29,2026-03-30,19,office_cleaning,recurring_phantom
118,29,2026-04-06,19,office_cleaning,recurring_phantom
119,29,2026-04-13,19,office_cleaning,recurring_phantom
120,29,2026-04-20,19,office_cleaning,recurring_phantom
121,29,2026-04-27,19,office_cleaning,recurring_phantom
122,29,2026-05-04,19,office_cleaning,recurring_phantom
123,29,2026-05-11,19,office_cleaning,recurring_phantom
124,29,2026-05-18,19,office_cleaning,recurring_phantom
125,139,2026-03-30,20,standard_clean,recurring_phantom
126,139,2026-04-13,20,standard_clean,recurring_phantom
127,139,2026-04-27,20,standard_clean,recurring_phantom
128,139,2026-05-11,20,standard_clean,recurring_phantom
134,24,2026-03-30,23,office_cleaning,recurring_phantom
136,24,2026-04-13,23,office_cleaning,recurring_phantom
138,24,2026-04-27,23,office_cleaning,recurring_phantom
140,24,2026-05-11,23,office_cleaning,recurring_phantom
142,24,2026-04-23,24,office_cleaning,recurring_phantom
143,35,2026-03-30,25,standard_clean,recurring_phantom
144,35,2026-04-13,25,standard_clean,recurring_phantom
145,35,2026-04-27,25,standard_clean,recurring_phantom
146,35,2026-05-11,25,standard_clean,recurring_phantom
147,102,2026-04-23,26,standard_clean,recurring_phantom
148,64,2026-04-23,27,standard_clean,recurring_phantom
149,34,2026-03-30,28,standard_clean,recurring_phantom
150,34,2026-04-13,28,standard_clean,recurring_phantom
151,34,2026-04-27,28,standard_clean,recurring_phantom
152,34,2026-05-11,28,standard_clean,recurring_phantom
153,75,2026-03-30,29,standard_clean,recurring_phantom
154,75,2026-04-13,29,standard_clean,recurring_phantom
155,75,2026-04-27,29,standard_clean,recurring_phantom
156,75,2026-05-11,29,standard_clean,recurring_phantom
165,19,2026-04-23,31,office_cleaning,recurring_phantom
170,19,2026-03-30,33,office_cleaning,recurring_phantom
171,19,2026-04-13,33,office_cleaning,recurring_phantom
172,19,2026-04-27,33,office_cleaning,recurring_phantom
173,19,2026-05-11,33,office_cleaning,recurring_phantom
174,1052,2026-03-30,34,office_cleaning,recurring_phantom
175,1052,2026-04-13,34,office_cleaning,recurring_phantom
176,1052,2026-04-27,34,office_cleaning,recurring_phantom
177,1052,2026-05-11,34,office_cleaning,recurring_phantom
180,25,2026-04-23,37,office_cleaning,recurring_phantom
181,146,2026-03-30,38,standard_clean,recurring_phantom
182,146,2026-04-13,38,standard_clean,recurring_phantom
183,146,2026-04-27,38,standard_clean,recurring_phantom
184,146,2026-05-11,38,standard_clean,recurring_phantom
185,448,2026-03-30,39,standard_clean,recurring_phantom
186,448,2026-04-13,39,standard_clean,recurring_phantom
187,448,2026-04-27,39,standard_clean,recurring_phantom
188,448,2026-05-11,39,standard_clean,recurring_phantom
189,42,2026-03-30,40,standard_clean,recurring_phantom
190,42,2026-04-13,40,standard_clean,recurring_phantom
191,42,2026-04-27,40,standard_clean,recurring_phantom
192,42,2026-05-11,40,standard_clean,recurring_phantom
193,120,2026-04-23,41,standard_clean,recurring_phantom
194,80,2026-03-30,42,standard_clean,recurring_phantom
195,80,2026-04-13,42,standard_clean,recurring_phantom
196,80,2026-04-27,42,standard_clean,recurring_phantom
197,80,2026-05-11,42,standard_clean,recurring_phantom
198,32,2026-03-30,43,standard_clean,recurring_phantom
199,32,2026-04-13,43,standard_clean,recurring_phantom
200,32,2026-04-27,43,standard_clean,recurring_phantom
201,32,2026-05-11,43,standard_clean,recurring_phantom
202,1062,2026-03-30,44,office_cleaning,recurring_phantom
203,1062,2026-04-13,44,office_cleaning,recurring_phantom
204,1062,2026-04-27,44,office_cleaning,recurring_phantom
205,1062,2026-05-11,44,office_cleaning,recurring_phantom
206,54,2026-03-30,45,standard_clean,recurring_phantom
207,54,2026-04-13,45,standard_clean,recurring_phantom
208,54,2026-04-27,45,standard_clean,recurring_phantom
209,54,2026-05-11,45,standard_clean,recurring_phantom
210,91,2026-03-30,46,standard_clean,recurring_phantom
211,91,2026-04-13,46,standard_clean,recurring_phantom
212,91,2026-04-27,46,standard_clean,recurring_phantom
213,91,2026-05-11,46,standard_clean,recurring_phantom
214,78,2026-03-30,47,standard_clean,recurring_phantom
215,78,2026-04-06,47,standard_clean,recurring_phantom
216,78,2026-04-13,47,standard_clean,recurring_phantom
217,78,2026-04-20,47,standard_clean,recurring_phantom
218,78,2026-04-27,47,standard_clean,recurring_phantom
219,78,2026-05-04,47,standard_clean,recurring_phantom
220,78,2026-05-11,47,standard_clean,recurring_phantom
221,78,2026-05-18,47,standard_clean,recurring_phantom
222,86,2026-03-30,48,standard_clean,recurring_phantom
223,86,2026-04-13,48,standard_clean,recurring_phantom
224,86,2026-04-27,48,standard_clean,recurring_phantom
225,86,2026-05-11,48,standard_clean,recurring_phantom
226,47,2026-03-30,49,office_cleaning,recurring_phantom
227,47,2026-04-06,49,office_cleaning,recurring_phantom
228,47,2026-04-13,49,office_cleaning,recurring_phantom
229,47,2026-04-20,49,office_cleaning,recurring_phantom
230,47,2026-04-27,49,office_cleaning,recurring_phantom
231,47,2026-05-04,49,office_cleaning,recurring_phantom
232,47,2026-05-11,49,office_cleaning,recurring_phantom
233,47,2026-05-18,49,office_cleaning,recurring_phantom
234,41,2026-03-30,50,standard_clean,recurring_phantom
235,41,2026-04-13,50,standard_clean,recurring_phantom
236,41,2026-04-27,50,standard_clean,recurring_phantom
237,41,2026-05-11,50,standard_clean,recurring_phantom
238,223,2026-04-23,51,office_cleaning,recurring_phantom
247,36,2026-04-23,53,standard_clean,recurring_phantom
248,110,2026-03-30,54,standard_clean,recurring_phantom
249,110,2026-04-13,54,standard_clean,recurring_phantom
250,110,2026-04-27,54,standard_clean,recurring_phantom
251,110,2026-05-11,54,standard_clean,recurring_phantom
252,145,2026-04-23,55,standard_clean,recurring_phantom
253,70,2026-04-23,56,deep_clean,recurring_phantom
254,74,2026-03-30,57,standard_clean,recurring_phantom
255,74,2026-04-13,57,standard_clean,recurring_phantom
256,74,2026-04-27,57,standard_clean,recurring_phantom
257,74,2026-05-11,57,standard_clean,recurring_phantom
258,55,2026-03-30,58,standard_clean,recurring_phantom
259,55,2026-04-13,58,standard_clean,recurring_phantom
260,55,2026-04-27,58,standard_clean,recurring_phantom
261,55,2026-05-11,58,standard_clean,recurring_phantom
262,68,2026-04-23,59,standard_clean,recurring_phantom
263,131,2026-04-23,60,standard_clean,recurring_phantom
264,61,2026-03-30,61,office_cleaning,recurring_phantom
265,61,2026-04-13,61,office_cleaning,recurring_phantom
266,61,2026-04-27,61,office_cleaning,recurring_phantom
267,61,2026-05-11,61,office_cleaning,recurring_phantom
268,46,2026-03-30,62,office_cleaning,recurring_phantom
269,46,2026-04-13,62,office_cleaning,recurring_phantom
270,46,2026-04-27,62,office_cleaning,recurring_phantom
271,46,2026-05-11,62,office_cleaning,recurring_phantom
272,69,2026-03-30,63,standard_clean,recurring_phantom
273,69,2026-04-13,63,standard_clean,recurring_phantom
274,69,2026-04-27,63,standard_clean,recurring_phantom
275,69,2026-05-11,63,standard_clean,recurring_phantom
276,108,2026-04-23,64,standard_clean,recurring_phantom
277,48,2026-03-30,65,standard_clean,recurring_phantom
278,48,2026-04-13,65,standard_clean,recurring_phantom
279,48,2026-04-27,65,standard_clean,recurring_phantom
280,48,2026-05-11,65,standard_clean,recurring_phantom
281,49,2026-03-30,66,standard_clean,recurring_phantom
282,49,2026-04-13,66,standard_clean,recurring_phantom
283,49,2026-04-27,66,standard_clean,recurring_phantom
284,49,2026-05-11,66,standard_clean,recurring_phantom
285,92,2026-04-23,67,standard_clean,recurring_phantom
286,390,2026-03-30,68,standard_clean,recurring_phantom
287,390,2026-04-06,68,standard_clean,recurring_phantom
288,390,2026-04-13,68,standard_clean,recurring_phantom
289,390,2026-04-20,68,standard_clean,recurring_phantom
290,390,2026-04-27,68,standard_clean,recurring_phantom
291,390,2026-05-04,68,standard_clean,recurring_phantom
292,390,2026-05-11,68,standard_clean,recurring_phantom
293,390,2026-05-18,68,standard_clean,recurring_phantom
294,549,2026-03-30,69,standard_clean,recurring_phantom
295,549,2026-04-13,69,standard_clean,recurring_phantom
296,549,2026-04-27,69,standard_clean,recurring_phantom
297,549,2026-05-11,69,standard_clean,recurring_phantom
298,58,2026-03-30,70,standard_clean,recurring_phantom
299,58,2026-04-13,70,standard_clean,recurring_phantom
300,58,2026-04-27,70,standard_clean,recurring_phantom
301,58,2026-05-11,70,standard_clean,recurring_phantom
302,76,2026-03-30,71,standard_clean,recurring_phantom
303,76,2026-04-13,71,standard_clean,recurring_phantom
304,76,2026-04-27,71,standard_clean,recurring_phantom
305,76,2026-05-11,71,standard_clean,recurring_phantom
306,59,2026-03-30,72,standard_clean,recurring_phantom
307,59,2026-04-13,72,standard_clean,recurring_phantom
308,59,2026-04-27,72,standard_clean,recurring_phantom
309,59,2026-05-11,72,standard_clean,recurring_phantom
310,99,2026-03-30,73,standard_clean,recurring_phantom
311,99,2026-04-13,73,standard_clean,recurring_phantom
312,99,2026-04-27,73,standard_clean,recurring_phantom
313,99,2026-05-11,73,standard_clean,recurring_phantom
314,156,2026-04-23,74,standard_clean,recurring_phantom
315,44,2026-03-30,75,standard_clean,recurring_phantom
316,44,2026-04-13,75,standard_clean,recurring_phantom
317,44,2026-04-27,75,standard_clean,recurring_phantom
318,44,2026-05-11,75,standard_clean,recurring_phantom
319,43,2026-03-30,76,standard_clean,recurring_phantom
320,43,2026-04-13,76,standard_clean,recurring_phantom
321,43,2026-04-27,76,standard_clean,recurring_phantom
322,43,2026-05-11,76,standard_clean,recurring_phantom
323,96,2026-04-23,77,standard_clean,recurring_phantom
324,22,2026-03-30,78,standard_clean,recurring_phantom
325,22,2026-04-06,78,standard_clean,recurring_phantom
326,22,2026-04-13,78,standard_clean,recurring_phantom
327,22,2026-04-20,78,standard_clean,recurring_phantom
328,22,2026-04-27,78,standard_clean,recurring_phantom
329,22,2026-05-04,78,standard_clean,recurring_phantom
330,22,2026-05-11,78,standard_clean,recurring_phantom
331,22,2026-05-18,78,standard_clean,recurring_phantom
332,100,2026-03-30,79,standard_clean,recurring_phantom
333,100,2026-04-13,79,standard_clean,recurring_phantom
334,100,2026-04-27,79,standard_clean,recurring_phantom
335,100,2026-05-11,79,standard_clean,recurring_phantom
336,1246,2026-04-23,80,standard_clean,recurring_phantom
337,326,2026-04-23,81,standard_clean,recurring_phantom
338,291,2026-03-30,82,standard_clean,recurring_phantom
339,291,2026-04-13,82,standard_clean,recurring_phantom
340,291,2026-04-27,82,standard_clean,recurring_phantom
341,291,2026-05-11,82,standard_clean,recurring_phantom
342,84,2026-03-30,83,standard_clean,recurring_phantom
343,84,2026-04-13,83,standard_clean,recurring_phantom
344,84,2026-04-27,83,standard_clean,recurring_phantom
345,84,2026-05-11,83,standard_clean,recurring_phantom
346,57,2026-03-30,84,office_cleaning,recurring_phantom
347,57,2026-04-13,84,office_cleaning,recurring_phantom
348,57,2026-04-27,84,office_cleaning,recurring_phantom
349,57,2026-05-11,84,office_cleaning,recurring_phantom
350,732,2026-04-23,85,office_cleaning,recurring_phantom
351,1228,2026-03-30,86,office_cleaning,recurring_phantom
352,1228,2026-04-06,86,office_cleaning,recurring_phantom
353,1228,2026-04-13,86,office_cleaning,recurring_phantom
354,1228,2026-04-20,86,office_cleaning,recurring_phantom
355,1228,2026-04-27,86,office_cleaning,recurring_phantom
356,1228,2026-05-04,86,office_cleaning,recurring_phantom
357,1228,2026-05-11,86,office_cleaning,recurring_phantom
358,1228,2026-05-18,86,office_cleaning,recurring_phantom
361,82,2026-05-23,5,standard_clean,recurring_phantom
362,106,2026-05-23,7,standard_clean,recurring_phantom
363,222,2026-05-23,8,standard_clean,recurring_phantom
364,94,2026-05-23,9,standard_clean,recurring_phantom
365,134,2026-05-23,13,standard_clean,recurring_phantom
367,24,2026-05-23,24,office_cleaning,recurring_phantom
368,102,2026-05-23,26,standard_clean,recurring_phantom
369,64,2026-05-23,27,standard_clean,recurring_phantom
370,19,2026-05-23,31,office_cleaning,recurring_phantom
373,25,2026-05-23,37,office_cleaning,recurring_phantom
374,120,2026-05-23,41,standard_clean,recurring_phantom
375,223,2026-05-23,51,office_cleaning,recurring_phantom
376,36,2026-05-23,53,standard_clean,recurring_phantom
377,145,2026-05-23,55,standard_clean,recurring_phantom
378,70,2026-05-23,56,deep_clean,recurring_phantom
379,68,2026-05-23,59,standard_clean,recurring_phantom
380,131,2026-05-23,60,standard_clean,recurring_phantom
381,108,2026-05-23,64,standard_clean,recurring_phantom
382,92,2026-05-23,67,standard_clean,recurring_phantom
383,156,2026-05-23,74,standard_clean,recurring_phantom
384,96,2026-05-23,77,standard_clean,recurring_phantom
385,1246,2026-05-23,80,standard_clean,recurring_phantom
386,326,2026-05-23,81,standard_clean,recurring_phantom
387,732,2026-05-23,85,office_cleaning,recurring_phantom
388,220,2026-04-06,2,office_cleaning,recurring_phantom
389,220,2026-04-20,2,office_cleaning,recurring_phantom
390,220,2026-05-04,2,office_cleaning,recurring_phantom
391,220,2026-05-18,2,office_cleaning,recurring_phantom
392,73,2026-04-06,3,standard_clean,recurring_phantom
393,73,2026-04-20,3,standard_clean,recurring_phantom
394,73,2026-05-04,3,standard_clean,recurring_phantom
395,73,2026-05-18,3,standard_clean,recurring_phantom
396,30,2026-04-06,4,standard_clean,recurring_phantom
397,30,2026-04-20,4,standard_clean,recurring_phantom
398,30,2026-05-04,4,standard_clean,recurring_phantom
399,30,2026-05-18,4,standard_clean,recurring_phantom
400,176,2026-04-06,6,standard_clean,recurring_phantom
401,176,2026-04-20,6,standard_clean,recurring_phantom
402,176,2026-05-04,6,standard_clean,recurring_phantom
403,176,2026-05-18,6,standard_clean,recurring_phantom
404,93,2026-04-06,10,standard_clean,recurring_phantom
405,93,2026-04-20,10,standard_clean,recurring_phantom
406,93,2026-05-04,10,standard_clean,recurring_phantom
407,93,2026-05-18,10,standard_clean,recurring_phantom
408,65,2026-04-06,11,standard_clean,recurring_phantom
409,65,2026-04-20,11,standard_clean,recurring_phantom
410,65,2026-05-04,11,standard_clean,recurring_phantom
411,65,2026-05-18,11,standard_clean,recurring_phantom
412,151,2026-04-06,16,standard_clean,recurring_phantom
413,151,2026-04-20,16,standard_clean,recurring_phantom
414,151,2026-05-04,16,standard_clean,recurring_phantom
415,151,2026-05-18,16,standard_clean,recurring_phantom
416,85,2026-04-06,17,standard_clean,recurring_phantom
417,85,2026-04-20,17,standard_clean,recurring_phantom
418,85,2026-05-04,17,standard_clean,recurring_phantom
419,85,2026-05-18,17,standard_clean,recurring_phantom
420,81,2026-04-06,18,standard_clean,recurring_phantom
421,81,2026-04-20,18,standard_clean,recurring_phantom
422,81,2026-05-04,18,standard_clean,recurring_phantom
423,81,2026-05-18,18,standard_clean,recurring_phantom
424,139,2026-04-06,20,standard_clean,recurring_phantom
425,139,2026-04-20,20,standard_clean,recurring_phantom
426,139,2026-05-04,20,standard_clean,recurring_phantom
427,139,2026-05-18,20,standard_clean,recurring_phantom
428,24,2026-04-06,22,office_cleaning,recurring_phantom
429,24,2026-04-20,22,office_cleaning,recurring_phantom
430,24,2026-05-04,22,office_cleaning,recurring_phantom
431,24,2026-05-18,22,office_cleaning,recurring_phantom
432,35,2026-04-06,25,standard_clean,recurring_phantom
433,35,2026-04-20,25,standard_clean,recurring_phantom
434,35,2026-05-04,25,standard_clean,recurring_phantom
435,35,2026-05-18,25,standard_clean,recurring_phantom
436,34,2026-04-06,28,standard_clean,recurring_phantom
437,34,2026-04-20,28,standard_clean,recurring_phantom
438,34,2026-05-04,28,standard_clean,recurring_phantom
439,34,2026-05-18,28,standard_clean,recurring_phantom
440,75,2026-04-06,29,standard_clean,recurring_phantom
441,75,2026-04-20,29,standard_clean,recurring_phantom
442,75,2026-05-04,29,standard_clean,recurring_phantom
443,75,2026-05-18,29,standard_clean,recurring_phantom
448,19,2026-04-06,33,office_cleaning,recurring_phantom
449,19,2026-04-20,33,office_cleaning,recurring_phantom
450,19,2026-05-04,33,office_cleaning,recurring_phantom
451,19,2026-05-18,33,office_cleaning,recurring_phantom
452,1052,2026-04-06,34,office_cleaning,recurring_phantom
453,1052,2026-04-20,34,office_cleaning,recurring_phantom
454,1052,2026-05-04,34,office_cleaning,recurring_phantom
455,1052,2026-05-18,34,office_cleaning,recurring_phantom
456,146,2026-04-06,38,standard_clean,recurring_phantom
457,146,2026-04-20,38,standard_clean,recurring_phantom
458,146,2026-05-04,38,standard_clean,recurring_phantom
459,146,2026-05-18,38,standard_clean,recurring_phantom
460,448,2026-04-06,39,standard_clean,recurring_phantom
461,448,2026-04-20,39,standard_clean,recurring_phantom
462,448,2026-05-04,39,standard_clean,recurring_phantom
463,448,2026-05-18,39,standard_clean,recurring_phantom
464,42,2026-04-06,40,standard_clean,recurring_phantom
465,42,2026-04-20,40,standard_clean,recurring_phantom
466,42,2026-05-04,40,standard_clean,recurring_phantom
467,42,2026-05-18,40,standard_clean,recurring_phantom
468,80,2026-04-06,42,standard_clean,recurring_phantom
469,80,2026-04-20,42,standard_clean,recurring_phantom
470,80,2026-05-04,42,standard_clean,recurring_phantom
471,80,2026-05-18,42,standard_clean,recurring_phantom
472,32,2026-04-06,43,standard_clean,recurring_phantom
473,32,2026-04-20,43,standard_clean,recurring_phantom
474,32,2026-05-04,43,standard_clean,recurring_phantom
475,32,2026-05-18,43,standard_clean,recurring_phantom
476,1062,2026-04-06,44,office_cleaning,recurring_phantom
477,1062,2026-04-20,44,office_cleaning,recurring_phantom
478,1062,2026-05-04,44,office_cleaning,recurring_phantom
479,1062,2026-05-18,44,office_cleaning,recurring_phantom
480,54,2026-04-06,45,standard_clean,recurring_phantom
481,54,2026-04-20,45,standard_clean,recurring_phantom
482,54,2026-05-04,45,standard_clean,recurring_phantom
483,54,2026-05-18,45,standard_clean,recurring_phantom
484,91,2026-04-06,46,standard_clean,recurring_phantom
485,91,2026-04-20,46,standard_clean,recurring_phantom
486,91,2026-05-04,46,standard_clean,recurring_phantom
487,91,2026-05-18,46,standard_clean,recurring_phantom
488,86,2026-04-06,48,standard_clean,recurring_phantom
489,86,2026-04-20,48,standard_clean,recurring_phantom
490,86,2026-05-04,48,standard_clean,recurring_phantom
491,86,2026-05-18,48,standard_clean,recurring_phantom
492,41,2026-04-06,50,standard_clean,recurring_phantom
493,41,2026-04-20,50,standard_clean,recurring_phantom
494,41,2026-05-04,50,standard_clean,recurring_phantom
495,41,2026-05-18,50,standard_clean,recurring_phantom
496,110,2026-04-06,54,standard_clean,recurring_phantom
497,110,2026-04-20,54,standard_clean,recurring_phantom
498,110,2026-05-04,54,standard_clean,recurring_phantom
499,110,2026-05-18,54,standard_clean,recurring_phantom
500,74,2026-04-06,57,standard_clean,recurring_phantom
501,74,2026-04-20,57,standard_clean,recurring_phantom
502,74,2026-05-04,57,standard_clean,recurring_phantom
503,74,2026-05-18,57,standard_clean,recurring_phantom
504,55,2026-04-06,58,standard_clean,recurring_phantom
505,55,2026-04-20,58,standard_clean,recurring_phantom
506,55,2026-05-04,58,standard_clean,recurring_phantom
507,55,2026-05-18,58,standard_clean,recurring_phantom
508,61,2026-04-06,61,office_cleaning,recurring_phantom
509,61,2026-04-20,61,office_cleaning,recurring_phantom
510,61,2026-05-04,61,office_cleaning,recurring_phantom
511,61,2026-05-18,61,office_cleaning,recurring_phantom
512,46,2026-04-06,62,office_cleaning,recurring_phantom
513,46,2026-04-20,62,office_cleaning,recurring_phantom
514,46,2026-05-04,62,office_cleaning,recurring_phantom
515,46,2026-05-18,62,office_cleaning,recurring_phantom
516,69,2026-04-06,63,standard_clean,recurring_phantom
517,69,2026-04-20,63,standard_clean,recurring_phantom
518,69,2026-05-04,63,standard_clean,recurring_phantom
519,69,2026-05-18,63,standard_clean,recurring_phantom
520,48,2026-04-06,65,standard_clean,recurring_phantom
521,48,2026-04-20,65,standard_clean,recurring_phantom
522,48,2026-05-04,65,standard_clean,recurring_phantom
523,48,2026-05-18,65,standard_clean,recurring_phantom
524,49,2026-04-06,66,standard_clean,recurring_phantom
525,49,2026-04-20,66,standard_clean,recurring_phantom
526,49,2026-05-04,66,standard_clean,recurring_phantom
527,49,2026-05-18,66,standard_clean,recurring_phantom
528,549,2026-04-06,69,standard_clean,recurring_phantom
529,549,2026-04-20,69,standard_clean,recurring_phantom
530,549,2026-05-04,69,standard_clean,recurring_phantom
531,549,2026-05-18,69,standard_clean,recurring_phantom
532,58,2026-04-06,70,standard_clean,recurring_phantom
533,58,2026-04-20,70,standard_clean,recurring_phantom
534,58,2026-05-04,70,standard_clean,recurring_phantom
535,58,2026-05-18,70,standard_clean,recurring_phantom
536,76,2026-04-06,71,standard_clean,recurring_phantom
537,76,2026-04-20,71,standard_clean,recurring_phantom
538,76,2026-05-04,71,standard_clean,recurring_phantom
539,76,2026-05-18,71,standard_clean,recurring_phantom
540,59,2026-04-06,72,standard_clean,recurring_phantom
541,59,2026-04-20,72,standard_clean,recurring_phantom
542,59,2026-05-04,72,standard_clean,recurring_phantom
543,59,2026-05-18,72,standard_clean,recurring_phantom
544,99,2026-04-06,73,standard_clean,recurring_phantom
545,99,2026-04-20,73,standard_clean,recurring_phantom
546,99,2026-05-04,73,standard_clean,recurring_phantom
547,99,2026-05-18,73,standard_clean,recurring_phantom
548,44,2026-04-06,75,standard_clean,recurring_phantom
549,44,2026-04-20,75,standard_clean,recurring_phantom
550,44,2026-05-04,75,standard_clean,recurring_phantom
551,44,2026-05-18,75,standard_clean,recurring_phantom
552,43,2026-04-06,76,standard_clean,recurring_phantom
553,43,2026-04-20,76,standard_clean,recurring_phantom
554,43,2026-05-04,76,standard_clean,recurring_phantom
555,43,2026-05-18,76,standard_clean,recurring_phantom
556,100,2026-04-06,79,standard_clean,recurring_phantom
557,100,2026-04-20,79,standard_clean,recurring_phantom
558,100,2026-05-04,79,standard_clean,recurring_phantom
559,100,2026-05-18,79,standard_clean,recurring_phantom
560,291,2026-04-06,82,standard_clean,recurring_phantom
561,291,2026-04-20,82,standard_clean,recurring_phantom
562,291,2026-05-04,82,standard_clean,recurring_phantom
563,291,2026-05-18,82,standard_clean,recurring_phantom
564,84,2026-04-06,83,standard_clean,recurring_phantom
565,84,2026-04-20,83,standard_clean,recurring_phantom
566,84,2026-05-04,83,standard_clean,recurring_phantom
567,84,2026-05-18,83,standard_clean,recurring_phantom
568,57,2026-04-06,84,office_cleaning,recurring_phantom
569,57,2026-04-20,84,office_cleaning,recurring_phantom
570,57,2026-05-04,84,office_cleaning,recurring_phantom
571,57,2026-05-18,84,office_cleaning,recurring_phantom
588,27,2026-05-25,12,office_cleaning,recurring_phantom
590,26,2026-05-25,15,office_cleaning,recurring_phantom
591,29,2026-05-25,19,office_cleaning,recurring_phantom
592,24,2026-05-25,23,office_cleaning,recurring_phantom
593,19,2026-05-25,30,office_cleaning,recurring_phantom
594,78,2026-05-25,47,standard_clean,recurring_phantom
595,47,2026-05-25,49,office_cleaning,recurring_phantom
596,67,2026-05-25,1,office_cleaning,recurring_phantom
598,390,2026-05-25,68,standard_clean,recurring_phantom
599,22,2026-05-25,78,standard_clean,recurring_phantom
600,1228,2026-05-25,86,office_cleaning,recurring_phantom
602,73,2026-06-01,3,standard_clean,recurring_phantom
603,30,2026-06-01,4,standard_clean,recurring_phantom
604,176,2026-06-01,6,standard_clean,recurring_phantom
605,93,2026-06-01,10,standard_clean,recurring_phantom
606,65,2026-06-01,11,standard_clean,recurring_phantom
607,151,2026-06-01,16,standard_clean,recurring_phantom
609,26,2026-06-01,15,office_cleaning,recurring_phantom
610,29,2026-06-01,19,office_cleaning,recurring_phantom
611,85,2026-06-01,17,standard_clean,recurring_phantom
612,81,2026-06-01,18,standard_clean,recurring_phantom
613,139,2026-06-01,20,standard_clean,recurring_phantom
615,24,2026-06-01,22,office_cleaning,recurring_phantom
616,35,2026-06-01,25,standard_clean,recurring_phantom
618,34,2026-06-01,28,standard_clean,recurring_phantom
619,75,2026-06-01,29,standard_clean,recurring_phantom
621,78,2026-06-01,47,standard_clean,recurring_phantom
622,19,2026-06-01,33,office_cleaning,recurring_phantom
623,1052,2026-06-01,34,office_cleaning,recurring_phantom
624,146,2026-06-01,38,standard_clean,recurring_phantom
625,448,2026-06-01,39,standard_clean,recurring_phantom
626,42,2026-06-01,40,standard_clean,recurring_phantom
627,80,2026-06-01,42,standard_clean,recurring_phantom
628,220,2026-06-01,2,office_cleaning,recurring_phantom
629,32,2026-06-01,43,standard_clean,recurring_phantom
630,1062,2026-06-01,44,office_cleaning,recurring_phantom
631,54,2026-06-01,45,standard_clean,recurring_phantom
632,91,2026-06-01,46,standard_clean,recurring_phantom
633,86,2026-06-01,48,standard_clean,recurring_phantom
634,47,2026-06-01,49,office_cleaning,recurring_phantom
635,27,2026-06-01,12,office_cleaning,recurring_phantom
636,49,2026-06-01,66,standard_clean,recurring_phantom
637,549,2026-06-01,69,standard_clean,recurring_phantom
638,41,2026-06-01,50,standard_clean,recurring_phantom
639,58,2026-06-01,70,standard_clean,recurring_phantom
640,76,2026-06-01,71,standard_clean,recurring_phantom
641,110,2026-06-01,54,standard_clean,recurring_phantom
642,74,2026-06-01,57,standard_clean,recurring_phantom
643,59,2026-06-01,72,standard_clean,recurring_phantom
644,99,2026-06-01,73,standard_clean,recurring_phantom
645,44,2026-06-01,75,standard_clean,recurring_phantom
646,55,2026-06-01,58,standard_clean,recurring_phantom
647,43,2026-06-01,76,standard_clean,recurring_phantom
648,57,2026-06-01,84,office_cleaning,recurring_phantom
649,61,2026-06-01,61,office_cleaning,recurring_phantom
650,67,2026-06-01,1,office_cleaning,recurring_phantom
652,390,2026-06-01,68,standard_clean,recurring_phantom
653,22,2026-06-01,78,standard_clean,recurring_phantom
654,1228,2026-06-01,86,office_cleaning,recurring_phantom
655,46,2026-06-01,62,office_cleaning,recurring_phantom
656,69,2026-06-01,63,standard_clean,recurring_phantom
657,100,2026-06-01,79,standard_clean,recurring_phantom
658,291,2026-06-01,82,standard_clean,recurring_phantom
659,84,2026-06-01,83,standard_clean,recurring_phantom
660,48,2026-06-01,65,standard_clean,recurring_phantom
860,30,2026-05-25,4,standard_clean,recurring_phantom
861,176,2026-05-25,6,standard_clean,recurring_phantom
862,93,2026-05-25,10,standard_clean,recurring_phantom
863,65,2026-05-25,11,standard_clean,recurring_phantom
864,151,2026-05-25,16,standard_clean,recurring_phantom
865,26,2026-04-13,14,office_cleaning,recurring_phantom
866,26,2026-04-20,14,office_cleaning,recurring_phantom
867,26,2026-04-27,14,office_cleaning,recurring_phantom
868,26,2026-05-04,14,office_cleaning,recurring_phantom
869,26,2026-05-11,14,office_cleaning,recurring_phantom
870,26,2026-05-18,14,office_cleaning,recurring_phantom
871,26,2026-05-25,14,office_cleaning,recurring_phantom
872,26,2026-06-01,14,office_cleaning,recurring_phantom
873,24,2026-04-23,21,office_cleaning,recurring_phantom
874,24,2026-05-23,21,office_cleaning,recurring_phantom
875,85,2026-05-25,17,standard_clean,recurring_phantom
876,81,2026-05-25,18,standard_clean,recurring_phantom
877,139,2026-05-25,20,standard_clean,recurring_phantom
878,24,2026-04-20,23,office_cleaning,recurring_phantom
879,24,2026-05-04,23,office_cleaning,recurring_phantom
880,24,2026-05-18,23,office_cleaning,recurring_phantom
881,24,2026-06-01,23,office_cleaning,recurring_phantom
882,24,2026-04-13,22,office_cleaning,recurring_phantom
883,24,2026-04-27,22,office_cleaning,recurring_phantom
884,24,2026-05-11,22,office_cleaning,recurring_phantom
885,24,2026-05-25,22,office_cleaning,recurring_phantom
886,35,2026-05-25,25,standard_clean,recurring_phantom
887,19,2026-04-13,30,office_cleaning,recurring_phantom
888,19,2026-04-20,30,office_cleaning,recurring_phantom
889,19,2026-04-27,30,office_cleaning,recurring_phantom
890,19,2026-05-04,30,office_cleaning,recurring_phantom
891,19,2026-05-11,30,office_cleaning,recurring_phantom
892,19,2026-05-18,30,office_cleaning,recurring_phantom
893,19,2026-06-01,30,office_cleaning,recurring_phantom
894,34,2026-05-25,28,standard_clean,recurring_phantom
895,75,2026-05-25,29,standard_clean,recurring_phantom
896,19,2026-04-13,32,office_cleaning,recurring_phantom
897,19,2026-04-27,32,office_cleaning,recurring_phantom
898,19,2026-05-11,32,office_cleaning,recurring_phantom
899,19,2026-05-25,32,office_cleaning,recurring_phantom
900,19,2026-05-25,33,office_cleaning,recurring_phantom
901,25,2026-04-23,35,office_cleaning,recurring_phantom
902,25,2026-05-23,35,office_cleaning,recurring_phantom
903,1052,2026-05-25,34,office_cleaning,recurring_phantom
904,146,2026-05-25,38,standard_clean,recurring_phantom
905,448,2026-05-25,39,standard_clean,recurring_phantom
906,25,2026-04-23,36,office_cleaning,recurring_phantom
907,25,2026-05-23,36,office_cleaning,recurring_phantom
908,42,2026-05-25,40,standard_clean,recurring_phantom
909,80,2026-05-25,42,standard_clean,recurring_phantom
910,220,2026-05-25,2,office_cleaning,recurring_phantom
911,32,2026-05-25,43,standard_clean,recurring_phantom
912,1062,2026-05-25,44,office_cleaning,recurring_phantom
913,54,2026-05-25,45,standard_clean,recurring_phantom
914,91,2026-05-25,46,standard_clean,recurring_phantom
915,86,2026-05-25,48,standard_clean,recurring_phantom
916,73,2026-05-25,3,standard_clean,recurring_phantom
917,110,2026-05-25,54,standard_clean,recurring_phantom
918,74,2026-05-25,57,standard_clean,recurring_phantom
919,59,2026-05-25,72,standard_clean,recurring_phantom
920,99,2026-05-25,73,standard_clean,recurring_phantom
921,44,2026-05-25,75,standard_clean,recurring_phantom
922,55,2026-05-25,58,standard_clean,recurring_phantom
923,46,2026-05-25,62,office_cleaning,recurring_phantom
924,69,2026-05-25,63,standard_clean,recurring_phantom
925,100,2026-05-25,79,standard_clean,recurring_phantom
926,291,2026-05-25,82,standard_clean,recurring_phantom
927,84,2026-05-25,83,standard_clean,recurring_phantom
928,48,2026-05-25,65,standard_clean,recurring_phantom
929,43,2026-05-25,76,standard_clean,recurring_phantom
938,49,2026-05-25,66,standard_clean,recurring_phantom
939,549,2026-05-25,69,standard_clean,recurring_phantom
940,57,2026-05-25,84,office_cleaning,recurring_phantom
941,41,2026-05-25,50,standard_clean,recurring_phantom
942,58,2026-05-25,70,standard_clean,recurring_phantom
943,76,2026-05-25,71,standard_clean,recurring_phantom
944,61,2026-05-25,61,office_cleaning,recurring_phantom
953,176,2026-06-08,6,standard_clean,recurring_phantom
954,93,2026-06-08,10,standard_clean,recurring_phantom
955,65,2026-06-08,11,standard_clean,recurring_phantom
956,151,2026-06-08,16,standard_clean,recurring_phantom
957,26,2026-06-08,14,office_cleaning,recurring_phantom
958,26,2026-06-08,15,office_cleaning,recurring_phantom
959,85,2026-06-08,17,standard_clean,recurring_phantom
960,29,2026-06-08,19,office_cleaning,recurring_phantom
961,81,2026-06-08,18,standard_clean,recurring_phantom
962,139,2026-06-08,20,standard_clean,recurring_phantom
963,24,2026-06-08,23,office_cleaning,recurring_phantom
964,24,2026-06-08,22,office_cleaning,recurring_phantom
965,35,2026-06-08,25,standard_clean,recurring_phantom
966,19,2026-06-08,30,office_cleaning,recurring_phantom
967,34,2026-06-08,28,standard_clean,recurring_phantom
968,75,2026-06-08,29,standard_clean,recurring_phantom
969,19,2026-06-08,32,office_cleaning,recurring_phantom
970,19,2026-06-08,33,office_cleaning,recurring_phantom
971,78,2026-06-08,47,standard_clean,recurring_phantom
972,1052,2026-06-08,34,office_cleaning,recurring_phantom
973,146,2026-06-08,38,standard_clean,recurring_phantom
974,448,2026-06-08,39,standard_clean,recurring_phantom
975,42,2026-06-08,40,standard_clean,recurring_phantom
976,80,2026-06-08,42,standard_clean,recurring_phantom
977,220,2026-06-08,2,office_cleaning,recurring_phantom
978,32,2026-06-08,43,standard_clean,recurring_phantom
979,1062,2026-06-08,44,office_cleaning,recurring_phantom
980,54,2026-06-08,45,standard_clean,recurring_phantom
981,91,2026-06-08,46,standard_clean,recurring_phantom
982,86,2026-06-08,48,standard_clean,recurring_phantom
983,73,2026-06-08,3,standard_clean,recurring_phantom
984,47,2026-06-08,49,office_cleaning,recurring_phantom
985,27,2026-06-08,12,office_cleaning,recurring_phantom
986,30,2026-06-08,4,standard_clean,recurring_phantom
987,46,2026-06-08,62,office_cleaning,recurring_phantom
988,69,2026-06-08,63,standard_clean,recurring_phantom
989,100,2026-06-08,79,standard_clean,recurring_phantom
990,291,2026-06-08,82,standard_clean,recurring_phantom
991,84,2026-06-08,83,standard_clean,recurring_phantom
992,48,2026-06-08,65,standard_clean,recurring_phantom
993,390,2026-06-08,68,standard_clean,recurring_phantom
994,22,2026-06-08,78,standard_clean,recurring_phantom
995,1228,2026-06-08,86,office_cleaning,recurring_phantom
996,549,2026-06-08,69,standard_clean,recurring_phantom
997,57,2026-06-08,84,office_cleaning,recurring_phantom
998,41,2026-06-08,50,standard_clean,recurring_phantom
999,58,2026-06-08,70,standard_clean,recurring_phantom
1000,76,2026-06-08,71,standard_clean,recurring_phantom
1001,61,2026-06-08,61,office_cleaning,recurring_phantom
1002,43,2026-06-08,76,standard_clean,recurring_phantom
1003,110,2026-06-08,54,standard_clean,recurring_phantom
1004,74,2026-06-08,57,standard_clean,recurring_phantom
1005,59,2026-06-08,72,standard_clean,recurring_phantom
1006,99,2026-06-08,73,standard_clean,recurring_phantom
1007,44,2026-06-08,75,standard_clean,recurring_phantom
1008,55,2026-06-08,58,standard_clean,recurring_phantom
1009,49,2026-06-08,66,standard_clean,recurring_phantom
1010,67,2026-06-08,1,office_cleaning,recurring_phantom
1021,19,2026-04-20,32,office_cleaning,recurring_phantom
1022,19,2026-05-04,32,office_cleaning,recurring_phantom
1023,19,2026-05-18,32,office_cleaning,recurring_phantom
1024,19,2026-06-01,32,office_cleaning,recurring_phantom
1029,93,2026-06-15,10,standard_clean,recurring_phantom
1030,65,2026-06-15,11,standard_clean,recurring_phantom
1031,151,2026-06-15,16,standard_clean,recurring_phantom
1032,26,2026-06-15,14,office_cleaning,recurring_phantom
1033,26,2026-06-15,15,office_cleaning,recurring_phantom
1034,85,2026-06-15,17,standard_clean,recurring_phantom
1035,29,2026-06-15,19,office_cleaning,recurring_phantom
1036,81,2026-06-15,18,standard_clean,recurring_phantom
1037,139,2026-06-15,20,standard_clean,recurring_phantom
1038,24,2026-06-15,23,office_cleaning,recurring_phantom
1039,24,2026-06-15,22,office_cleaning,recurring_phantom
1040,35,2026-06-15,25,standard_clean,recurring_phantom
1041,19,2026-06-15,30,office_cleaning,recurring_phantom
1042,34,2026-06-15,28,standard_clean,recurring_phantom
1043,75,2026-06-15,29,standard_clean,recurring_phantom
1044,19,2026-06-15,33,office_cleaning,recurring_phantom
1045,78,2026-06-15,47,standard_clean,recurring_phantom
1046,1052,2026-06-15,34,office_cleaning,recurring_phantom
1047,146,2026-06-15,38,standard_clean,recurring_phantom
1048,448,2026-06-15,39,standard_clean,recurring_phantom
1049,42,2026-06-15,40,standard_clean,recurring_phantom
1050,80,2026-06-15,42,standard_clean,recurring_phantom
1051,220,2026-06-15,2,office_cleaning,recurring_phantom
1052,32,2026-06-15,43,standard_clean,recurring_phantom
1053,1062,2026-06-15,44,office_cleaning,recurring_phantom
1054,54,2026-06-15,45,standard_clean,recurring_phantom
1055,91,2026-06-15,46,standard_clean,recurring_phantom
1056,86,2026-06-15,48,standard_clean,recurring_phantom
1057,73,2026-06-15,3,standard_clean,recurring_phantom
1058,47,2026-06-15,49,office_cleaning,recurring_phantom
1059,27,2026-06-15,12,office_cleaning,recurring_phantom
1060,30,2026-06-15,4,standard_clean,recurring_phantom
1061,176,2026-06-15,6,standard_clean,recurring_phantom
1062,100,2026-06-15,79,standard_clean,recurring_phantom
1063,291,2026-06-15,82,standard_clean,recurring_phantom
1064,41,2026-06-15,50,standard_clean,recurring_phantom
1065,58,2026-06-15,70,standard_clean,recurring_phantom
1066,76,2026-06-15,71,standard_clean,recurring_phantom
1067,61,2026-06-15,61,office_cleaning,recurring_phantom
1068,43,2026-06-15,76,standard_clean,recurring_phantom
1069,110,2026-06-15,54,standard_clean,recurring_phantom
1070,74,2026-06-15,57,standard_clean,recurring_phantom
1071,59,2026-06-15,72,standard_clean,recurring_phantom
1072,99,2026-06-15,73,standard_clean,recurring_phantom
1073,44,2026-06-15,75,standard_clean,recurring_phantom
1074,55,2026-06-15,58,standard_clean,recurring_phantom
1075,49,2026-06-15,66,standard_clean,recurring_phantom
1076,67,2026-06-15,1,office_cleaning,recurring_phantom
1077,46,2026-06-15,62,office_cleaning,recurring_phantom
1078,84,2026-06-15,83,standard_clean,recurring_phantom
1079,48,2026-06-15,65,standard_clean,recurring_phantom
1080,390,2026-06-15,68,standard_clean,recurring_phantom
1081,22,2026-06-15,78,standard_clean,recurring_phantom
1082,1228,2026-06-15,86,office_cleaning,recurring_phantom
1083,549,2026-06-15,69,standard_clean,recurring_phantom
1084,69,2026-06-15,63,standard_clean,recurring_phantom
1085,57,2026-06-15,84,office_cleaning,recurring_phantom
1086,19,2026-06-15,32,office_cleaning,recurring_phantom